Probability of estimation, success, failing, success given flip 
0.02060546875,0.86025390625,0.119140625,0.8783527769468541